Country Name,Country Code
China,CHN
China,CHN
China,CHN
China,CHN
China,CHN
China,CHN
China,CHN
China,CHN
China,CHN
China,CHN
China,CHN
Germany,DEU
Germany,DEU
Germany,DEU
Germany,DEU
Germany,DEU
Germany,DEU
Germany,DEU
Germany,DEU
Germany,DEU
Germany,DEU
Germany,DEU
Spain,ESP
Spain,ESP
Spain,ESP
Spain,ESP
Spain,ESP
Spain,ESP
Spain,ESP
Spain,ESP
Spain,ESP
Spain,ESP
Spain,ESP
United Kingdom,GBR
United Kingdom,GBR
United Kingdom,GBR
United Kingdom,GBR
United Kingdom,GBR
United Kingdom,GBR
United Kingdom,GBR
United Kingdom,GBR
United Kingdom,GBR
United Kingdom,GBR
United Kingdom,GBR
Greece,GRC
Greece,GRC
Greece,GRC
Greece,GRC
Greece,GRC
Greece,GRC
Greece,GRC
Greece,GRC
Greece,GRC
Greece,GRC
Greece,GRC
Italy,ITA
Italy,ITA
Italy,ITA
Italy,ITA
Italy,ITA
Italy,ITA
Italy,ITA
Italy,ITA
Italy,ITA
Italy,ITA
Italy,ITA
Japan,JPN
Japan,JPN
Japan,JPN
Japan,JPN
Japan,JPN
Japan,JPN
Japan,JPN
Japan,JPN
Japan,JPN
Japan,JPN
Japan,JPN
Russian Federation,RUS
Russian Federation,RUS
Russian Federation,RUS
Russian Federation,RUS
Russian Federation,RUS
Russian Federation,RUS
Russian Federation,RUS
Russian Federation,RUS
Russian Federation,RUS
Russian Federation,RUS
Russian Federation,RUS
Saudi Arabia,SAU
Saudi Arabia,SAU
Saudi Arabia,SAU
Saudi Arabia,SAU
Saudi Arabia,SAU
Saudi Arabia,SAU
Saudi Arabia,SAU
Saudi Arabia,SAU
Saudi Arabia,SAU
Saudi Arabia,SAU
Saudi Arabia,SAU
United States,USA
United States,USA
United States,USA
United States,USA
United States,USA
United States,USA
United States,USA
United States,USA
United States,USA
United States,USA
United States,USA
